{"stats":{"minecraft:custom":{"minecraft:jump":269,"minecraft:interact_with_brewingstand":1,"minecraft:time_since_rest":18780,"minecraft:leave_game":2,"minecraft:play_time":18780,"minecraft:sprint_one_cm":21364,"minecraft:damage_taken":20,"minecraft:time_since_death":18780,"minecraft:walk_one_cm":13671,"minecraft:total_world_time":18780,"minecraft:fall_one_cm":10046,"minecraft:drop":14,"minecraft:fly_one_cm":48928},"minecraft:picked_up":{"minecraft:wheat_seeds":14},"minecraft:dropped":{"minecraft:wheat_seeds":14}},"DataVersion":3465}