{"stats":{"minecraft:used":{"minecraft:bread":3},"minecraft:crafted":{"minecraft:spruce_planks":16},"minecraft:killed_by":{"minecraft:zombie":1},"minecraft:mined":{"regions_unexplored:maple_log":3,"minecraft:spruce_log":4},"minecraft:killed":{"minecraft:zombie":1},"minecraft:picked_up":{"minecraft:rotten_flesh":1,"regions_unexplored:maple_log":3,"minecraft:spruce_log":4,"minecraft:string":1},"minecraft:custom":{"minecraft:time_since_rest":14187,"minecraft:crouch_one_cm":6650,"minecraft:play_time":26322,"minecraft:sprint_one_cm":86554,"minecraft:walk_one_cm":132723,"minecraft:damage_taken":250,"minecraft:deaths":1,"minecraft:sneak_time":627,"minecraft:mob_kills":1,"minecraft:jump":273,"minecraft:damage_dealt":200,"minecraft:leave_game":1,"minecraft:time_since_death":14139,"minecraft:total_world_time":26322,"minecraft:fall_one_cm":5852,"minecraft:fly_one_cm":124474}},"DataVersion":3465}