{"stats":{"minecraft:killed_by":{"minecraft:zombie":1},"minecraft:picked_up":{"minecraft:rotten_flesh":1,"minecraft:string":1},"minecraft:custom":{"minecraft:jump":105,"minecraft:time_since_rest":2187,"minecraft:deaths":1,"minecraft:crouch_one_cm":2123,"minecraft:leave_game":1,"minecraft:sprint_one_cm":35465,"minecraft:play_time":14322,"minecraft:damage_taken":175,"minecraft:time_since_death":2139,"minecraft:walk_one_cm":46885,"minecraft:sneak_time":301,"minecraft:total_world_time":14322,"minecraft:fall_one_cm":1672,"minecraft:fly_one_cm":55905}},"DataVersion":3465}